case_id,category,friction_coefficient,friction_classification,target_wheel_speed_rad_s,actual_wheel_speed_rad_s,wheel_surface_speed_m_s,actual_wheel_speed_rpm,timestep_s,exit_position_m,exit_velocity_vector_m_s,exit_speed_m_s,elevation_deg,spin_vector_rad_s,spin_rpm,contact_duration_s,sampled_bilateral_duration_s,contact_travel_m,contact_arc_deg_per_wheel,first_contact_position_m,release_position_m,maximum_compression_position_world_m,maximum_compression_position_launcher_local_m,normal_impulse_n_s_per_wheel,tangential_impulse_n_s_per_wheel,mean_normal_force_n_per_wheel,mean_tangential_force_n_per_wheel,peak_normal_force_n_per_wheel,peak_tangential_force_n_per_wheel,maximum_diametral_compression_m,loading_duration_s,unloading_duration_s,near_coulomb_limit_fraction,mean_friction_utilization,mean_slip_velocity_m_s,mean_slip_ratio,wheel_energy_pre_j,wheel_energy_loss_j,postrelease_wheel_energy_fraction,motor_work_during_contact_j,ball_mechanical_energy_gain_j,contact_dissipation_j,energy_residual_fraction,wheel_droop_percent,recovery_time_s,peak_event_current_a,peak_event_torque_nm,estimated_peak_bus_voltage_v,successful_and_clear,secondary_checks_passed
regression_mu_0p3_dt_1ms,friction_speed_matrix,0.3,REUSED_BOUNDED_SENSITIVITY_ASSUMPTION,80.0,79.99680599999999,7.9996806,763.9132263878033,0.001,"[0.038094, 0.0, 0.358997]","[5.01907, 0.0, 1.61728]",5.273201898590647,17.860343423863593,"[0.0, -0.0500238, 0.0]",0.4776921025344213,0.016000000000000125,0.015000000000000124,0.0579400386002633,25.26285599408703,"[-0.0272511, 0.0, 0.338484]","[0.0280559, 0.0, 0.355752]","[0.000758727, 0.0, 0.346941]","[-0.0003332694553421834, 0.0, -0.003134019644269128]",0.2524683600000005,0.07574051833319194,16.831223999999892,5.049367888879421,27.1548,8.146440637344408,0.00799914,0.009999999999999787,0.0050000000000003375,1.0,0.9999999662576214,4.284619263767951,0.5381400497927713,43.203987448050626,1.133428504385705,0.9737656505490712,0.5361999999999938,0.5666448169348206,0.6590810488547154,0.0003259526559147397,1.3335607424126228,0.20900000000000007,6.8871290322580645,0.213501,3.097906278138818,True,True
sym_mu_0p3_w120,friction_speed_matrix,0.3,REUSED_BOUNDED_SENSITIVITY_ASSUMPTION,120.0,119.918365,11.9918365,1145.136033434888,0.001,"[0.0382418, 0.0, 0.358541]","[5.03775, 0.0, 1.57005]",5.276739719277425,17.310010386498487,"[0.0, -0.0326226, 0.0]",0.31152288279057994,0.016000000000000125,0.015000000000000124,0.057953379183271106,25.258931611725288,"[-0.0272511, 0.0, 0.338435]","[0.0281663, 0.0, 0.355391]","[0.000783493, 0.0, 0.346814]","[-0.00035343358609815536, 0.0, -0.0032618310779785314]",0.25242347000000054,0.07572702831028119,16.82823133333323,5.048468554018704,27.155,8.146490667334582,0.00799904,0.009999999999999787,0.0050000000000003375,1.0,0.999999743356305,8.28037745835143,0.6925970462741677,97.08450788248689,1.6242509068026578,0.9832697209654842,1.1565999999999974,0.8278182540913834,1.2640647770076947,-0.0028629431917337944,0.849215214033304,0.21299999999999963,9.515709677419355,0.294987,4.6123572456967175,True,True
sym_mu_0p3_w160,friction_speed_matrix,0.3,REUSED_BOUNDED_SENSITIVITY_ASSUMPTION,160.0,159.69977500000002,15.969977500000002,1525.0205161148097,0.001,"[0.0383157, 0.0, 0.358436]","[5.04483, 0.0, 1.55151]",5.2780197999818075,17.09499522969334,"[0.0, -0.0235963, 0.0]",0.2253280670207574,0.016000000000000125,0.015000000000000124,0.05797637920230962,25.265497636324465,"[-0.0272511, 0.0, 0.338484]","[0.028226, 0.0, 0.355323]","[0.000800932, 0.0, 0.346834]","[-0.00033020588361776866, 0.0, -0.0032490017148423026]",0.25243057000000035,0.07572919761725774,16.82870466666655,5.048613174483807,27.1548,8.146431571836974,0.00799916,0.010000000000000231,0.004999999999999893,1.0,1.0000006600785463,12.270006823457637,0.769486031541895,172.18176084251695,1.8682597168983364,0.9891494911670284,2.0260000000000105,0.5678001111975592,1.8684441132505514,-0.0015414846077404065,0.5515192491661483,0.22299999999999986,12.227548387096775,0.379054,6.125098520855328,True,True
sym_mu_0p3_w200,friction_speed_matrix,0.3,REUSED_BOUNDED_SENSITIVITY_ASSUMPTION,200.0,199.56158,19.956158000000002,1905.672714493723,0.001,"[0.0383481, 0.0, 0.358351]","[5.04857, 0.0, 1.54158]",5.278686194622673,16.98004208634149,"[0.0, -0.0184235, 0.0]",0.17593146564321202,0.016000000000000125,0.015000000000000124,0.057981464110610385,25.265403926714402,"[-0.0272511, 0.0, 0.338484]","[0.028251, 0.0, 0.355258]","[0.000807159, 0.0, 0.346818]","[-0.00032982673996133187, 0.0, -0.0032661665562073285]",0.25242769000000054,0.07572831034087672,16.828512666666562,5.048554022725073,27.1548,8.14642589620862,0.00799916,0.009999999999999787,0.0050000000000003375,1.0,1.0000002985733139,16.264101795054632,0.8156653388852523,268.8638441900499,2.0991945388202,0.9921923509457212,3.1280000000000427,0.5679558056579612,2.473356143258651,-0.0018928466718954244,0.3976617142437896,0.22799999999999976,14.891064516129033,0.461623,7.6387986068465255,True,True
sym_mu_0p3_w240,friction_speed_matrix,0.3,REUSED_BOUNDED_SENSITIVITY_ASSUMPTION,240.0,239.56,23.956000000000003,2287.629490025667,0.001,"[0.0383682, 0.0, 0.358297]","[5.05089, 0.0, 1.53539]",5.279101461820941,16.90843526795438,"[0.0, -0.0150919, 0.0]",0.14411702913891453,0.01599999999999968,0.01499999999999968,0.05798436078159351,25.265308938579995,"[-0.0272511, 0.0, 0.338484]","[0.0282664, 0.0, 0.355217]","[0.000811019, 0.0, 0.346808]","[-0.00032961972787835846, 0.0, -0.0032768836801684346]",0.2524261999999987,0.07572789847755662,16.828413333333607,5.048526565170549,27.1548,8.146432481074473,0.00799916,0.009999999999999787,0.004999999999999893,1.0,1.0000005883175156,20.26378606832728,0.8464656193889728,387.44239902526715,2.5188936886462443,0.9934986627819172,4.446000000000026,0.5680522544911737,3.0791138468858352,-0.0014701197511588755,0.3310235431624672,0.2270000000000003,17.472709677419353,0.541654,9.154137492329234,True,True
sym_mu_0p3_w280,friction_speed_matrix,0.3,REUSED_BOUNDED_SENSITIVITY_ASSUMPTION,280.0,279.9224874371859,27.99224874371859,2673.0628534924267,0.001,"[0.0383819, 0.0, 0.358261]","[5.05247, 0.0, 1.53116]",5.279384817050183,16.859525527716347,"[0.0, -0.0127674, 0.0]",0.12191968922588786,0.015999999999998793,0.014999999999998792,0.05798634157282212,25.265276974722134,"[-0.0272511, 0.0, 0.338484]","[0.0282769, 0.0, 0.355189]","[0.000813651, 0.0, 0.346801]","[-0.00032954059790372254, 0.0, -0.0032843617255311494]",0.2524253199999919,0.07572762477499213,16.828354666667483,5.048508318333216,27.1548,8.146426593849556,0.00799916,0.009999999999999787,0.004999999999999005,1.0,1.0000003390829832,24.277911331083743,0.8685140417471471,528.998101921206,3.8123490329027163,0.9927932651949845,5.9240000000002055,0.568118552994439,3.6870478286252837,0.00031937145467081157,0.3649179623038027,0.21300000000000097,19.836451612903225,0.61493,10.673854403615916,True,True
sym_mu_0p3_w300,friction_speed_matrix,0.3,REUSED_BOUNDED_SENSITIVITY_ASSUMPTION,300.0,299.94001005025126,29.994001005025126,2864.216113831815,0.001,"[0.0383872, 0.0, 0.358246]","[5.05308, 0.0, 1.52951]",5.279490347230497,16.840468534808508,"[0.0, -0.0118556, 0.0]",0.11321264059921647,0.01600000000000057,0.015000000000000568,0.05798709999999999,25.265193366809388,"[-0.0272511, 0.0, 0.338484]","[0.028281, 0.0, 0.355178]","[0.00081467, 0.0, 0.346798]","[-0.00032960911155312917, 0.0, -0.0032875293219195847]",0.2524252200000103,0.07572756065007749,16.828348000000048,5.048504043338308,27.1548,8.14642641626106,0.00799916,0.009999999999999787,0.005000000000000782,1.0,1.0000000767229709,26.278225748759613,0.877294783810287,607.3616129168471,4.257086096251896,0.9929908542033019,6.619999999999891,0.5681423406417501,3.9900107726317438,0.0003603093900636448,0.3514069530352585,0.23699999999999832,20.0,0.62,11.388207829006722,True,True
sym_mu_0p6_w080,friction_speed_matrix,0.6,REUSED_BOUNDED_SENSITIVITY_ASSUMPTION,80.0,79.99680599999999,7.9996806,763.9132263878033,0.001,"[0.0436859, 0.0, 0.362197]","[6.52816, 0.0, 2.26678]",6.910511164450861,19.148589995990356,"[0.0, -0.114416, 0.0]",1.0925923181281378,0.013999999999999901,0.0129999999999999,0.060972652332746693,26.561251284907648,"[-0.0272511, 0.0, 0.338484]","[0.0306296, 0.0, 0.357654]","[0.00073476, 0.0, 0.347285]","[-0.00023813613908052532, 0.0, -0.002802568185943679]",0.2068568800000009,0.12411405368209509,15.912067692307884,9.547234898622772,27.1558,16.293458646586842,0.00799956,0.008999999999999897,0.0040000000000000036,1.0,0.9999996081725158,3.5860808327272675,0.45098579307838027,43.203987448050626,1.854259956667569,0.9570812773034626,0.5198000000000036,1.1469706022983572,0.8666036276052062,-0.000348740681085923,2.202470433632058,0.27300000000000013,8.008290322580645,0.248257,3.1416315684613982,True,True
sym_mu_0p6_w120,friction_speed_matrix,0.6,REUSED_BOUNDED_SENSITIVITY_ASSUMPTION,120.0,119.918365,11.9918365,1145.136033434888,0.001,"[0.0439097, 0.0, 0.361526]","[6.56043, 0.0, 2.18511]",6.914763010906448,18.42158546771868,"[0.0, -0.0851352, 0.0]",0.8129812746670276,0.013999999999999901,0.0129999999999999,0.060981403009524156,26.55491091861719,"[-0.0272511, 0.0, 0.338435]","[0.0307888, 0.0, 0.357146]","[0.000768571, 0.0, 0.347117]","[-0.0002638235759578457, 0.0, -0.002972000589301697]",0.20681817000000088,0.1240907571948743,15.90909000000019,9.545442861144249,27.1565,16.293832218451254,0.00799946,0.008999999999999897,0.0040000000000000036,1.0,0.9999992121232667,7.582773274981198,0.6352896637366539,97.08450788248689,2.712920084388003,0.9720560968628303,1.0935999999999808,1.4086440558124405,1.8580221105672055,-0.0031718520959022637,1.4296100518048265,0.2759999999999998,10.638354838709677,0.329789,4.65614040698704,True,True
sym_mu_0p6_w160,friction_speed_matrix,0.6,REUSED_BOUNDED_SENSITIVITY_ASSUMPTION,160.0,159.69977500000002,15.969977500000002,1525.0205161148097,0.001,"[0.04402, 0.0, 0.361351]","[6.5719, 0.0, 2.15505]",6.916220796974313,18.155293306186408,"[0.0, -0.0620072, 0.0]",0.5921251432372663,0.014000000000000346,0.013000000000000345,0.061014541006959966,26.565131837236873,"[-0.0272511, 0.0, 0.338484]","[0.0308762, 0.0, 0.357031]","[0.000797485, 0.0, 0.347126]","[-0.00023357512223051735, 0.0, -0.00297343252613876]",0.2068144799999996,0.12408871514662778,15.908806153845703,9.545285780509577,27.1557,16.293461055944313,0.00799958,0.009000000000000341,0.0040000000000000036,1.0,1.000000096367425,11.571549127856766,0.7267077847375675,172.18176084251695,3.325592986063299,0.9806855675665612,1.8900000000000432,1.1487789624268743,2.848323009542122,-0.001714154191490812,0.9879631953144595,0.28200000000000003,13.35225806451613,0.41392,6.168962198274683,True,True
sym_mu_0p6_w200,friction_speed_matrix,0.6,REUSED_BOUNDED_SENSITIVITY_ASSUMPTION,200.0,199.56158,19.956158000000002,1905.672714493723,0.001,"[0.0440668, 0.0, 0.361227]","[6.57787, 0.0, 2.13919]",6.91697242968338,18.015050637657414,"[0.0, -0.0484691, 0.0]",0.46284581113292306,0.013999999999999901,0.0129999999999999,0.06101990276819523,26.564913497942587,"[-0.0272511, 0.0, 0.338484]","[0.0309111, 0.0, 0.356939]","[0.000806664, 0.0, 0.347102]","[-0.00023315816710412884, 0.0, -0.0029991245519331786]",0.2068113100000009,0.12408668556429639,15.908562307692497,9.545129658792103,27.1557,16.29342895129964,0.00799958,0.008999999999999897,0.0040000000000000036,1.0,0.9999995499456519,15.565652394048918,0.7815700349859882,268.8638441900499,3.9292209593552343,0.9853858335947253,2.8920000000000528,1.1490099762721866,3.839512381175175,-0.0019948455916713025,0.7479295363366054,0.28600000000000003,16.017129032258065,0.496531,7.682715122975558,True,True
sym_mu_0p6_w240,friction_speed_matrix,0.6,REUSED_BOUNDED_SENSITIVITY_ASSUMPTION,240.0,239.56,23.956000000000003,2287.629490025667,0.001,"[0.0440957, 0.0, 0.36115]","[6.58155, 0.0, 2.12935]",6.917436795880393,17.928116777740673,"[0.0, -0.039711, 0.0]",0.37921211670733534,0.013999999999999901,0.0129999999999999,0.0610231869840473,26.564805016314992,"[-0.0272511, 0.0, 0.338484]","[0.0309326, 0.0, 0.356882]","[0.000812344, 0.0, 0.347086]","[-0.00023329303531128122, 0.0, -0.003016102308279858]",0.20680984999999646,0.1240858525788439,15.90844999999985,9.545065582988066,27.1557,16.293398757343176,0.00799958,0.008999999999999453,0.004000000000000448,1.0,0.9999996089597487,19.565337662164687,0.8181295663263504,387.44239902526715,4.71457951505073,0.987831534372821,4.086000000000013,1.14915249594039,4.832097123230624,-0.0015493796416413447,0.6223910502588136,0.28500000000000014,18.598774193548387,0.576562,9.198054008458266,True,True
sym_mu_0p6_w280,friction_speed_matrix,0.6,REUSED_BOUNDED_SENSITIVITY_ASSUMPTION,280.0,279.9224874371859,27.99224874371859,2673.0628534924267,0.001,"[0.0441153, 0.0, 0.361098]","[6.58404, 0.0, 2.12265]",6.91774715815055,17.868970653347283,"[0.0, -0.0335934, 0.0]",0.32079333991579667,0.013999999999999901,0.0129999999999999,0.06102536361128871,26.564683389996333,"[-0.0272511, 0.0, 0.338484]","[0.0309472, 0.0, 0.356843]","[0.000816212, 0.0, 0.347076]","[-0.00023307850568734145, 0.0, -0.00302682216840211]",0.20680891999999113,0.12408522760407703,15.9083784615379,9.545017508005998,27.1557,16.29339488002451,0.00799958,0.008999999999998565,0.004000000000001336,1.0,0.9999995424202697,23.57950810648371,0.8442852451251592,528.998101921206,6.4414566244199705,0.9878232897225415,5.33400000000006,1.149247453352687,5.828256954252704,0.00023164348994989076,0.6171306396287862,0.28800000000000026,20.0,0.62,10.68023279071269,True,True
sym_mu_0p6_w300,friction_speed_matrix,0.6,REUSED_BOUNDED_SENSITIVITY_ASSUMPTION,300.0,299.94001005025126,29.994001005025126,2864.216113831815,0.001,"[0.0441229, 0.0, 0.361077]","[6.585, 0.0, 2.12005]",6.917863615488527,17.8460357763908,"[0.0, -0.0311922, 0.0]",0.2978635689546611,0.013999999999999901,0.0129999999999999,0.06102598843935262,26.564709284365744,"[-0.0272511, 0.0, 0.338484]","[0.0309529, 0.0, 0.356827]","[0.00081771, 0.0, 0.347072]","[-0.0002330389267147081, 0.0, -0.0030310932850599595]",0.20680861000000858,0.12408515594293962,15.908354615385397,9.545011995610812,27.1557,16.293425571737703,0.00799958,0.009000000000000341,0.0039999999999995595,1.0,1.0000001458342853,25.579527669820234,0.8546959138518043,607.3616129168471,7.1270600899505325,0.9882655407612561,5.880000000000109,1.1492822401710596,6.324619521621068,0.00026943202622533343,0.5907881545894378,0.4469999999999992,20.0,0.62,11.388207829006722,True,True
sym_mu_0p9_w080,friction_speed_matrix,0.9,REUSED_BOUNDED_SENSITIVITY_ASSUMPTION,80.0,79.99680599999999,7.9996806,763.9132263878033,0.001,"[0.0414278, 0.0, 0.362254]","[7.59787, 0.0, 2.77075]",8.087316248261843,20.03562686818822,"[0.0, -0.0839076, 0.0]",0.801258558178651,0.012000000000000122,0.01100000000000012,0.05650086907508592,24.68289151763214,"[-0.0272511, 0.0, 0.338484]","[0.0262321, 0.0, 0.356702]","[-0.00127239, 0.0, 0.346812]","[-0.002286015710684003, 0.0, -0.0025605570648992992]",0.17856555000000046,0.16029184061001678,16.233231818181682,14.571985510001365,27.0546,24.3490762393268,0.0079595,0.008000000000000007,0.0030000000000001137,1.0,0.9962343058852928,3.2926373948441716,0.4138545201494709,43.203987448050626,2.3775669536050614,0.9449688074170493,0.477800000000002,1.6588389405269783,0.9396948943848058,-0.0015315166964294902,2.8708721195693703,0.30600000000000005,8.87058064516129,0.274988,3.1752608910420435,True,True
sym_mu_0p9_w120,friction_speed_matrix,0.9,REUSED_BOUNDED_SENSITIVITY_ASSUMPTION,120.0,119.918365,11.9918365,1145.136033434888,0.001,"[0.0420155, 0.0, 0.361523]","[7.79453, 0.0, 2.68707]",8.244697878382203,19.021013985286466,"[0.0, -0.13047, 0.0]",1.245896725511975,0.012000000000000122,0.01100000000000012,0.05652182196072593,24.682662049269318,"[-0.0272511, 0.0, 0.338435]","[0.0264265, 0.0, 0.356139]","[-0.00123965, 0.0, 0.346638]","[-0.002314761679218141, 0.0, -0.002735261320408536]",0.17851245000000046,0.16066121134779215,16.22840454545441,14.605564667980945,27.0507,24.34559779679349,0.00795846,0.008000000000000007,0.0030000000000001137,1.0,0.9999995332608468,7.290222250960318,0.61102082601314,97.08450788248689,3.6111383847961775,0.9628041748002969,0.9935999999999865,1.9933143290582496,2.2234954955582538,-0.003541744286466326,1.8824180933420773,0.31099999999999994,11.534032258064517,0.357555,4.691071826341879,True,True
sym_mu_0p9_w160,friction_speed_matrix,0.9,REUSED_BOUNDED_SENSITIVITY_ASSUMPTION,160.0,159.69977500000002,15.969977500000002,1525.0205161148097,0.001,"[0.0421397, 0.0, 0.361328]","[7.80943, 0.0, 2.6472]",8.245899875992917,18.72536401072842,"[0.0, -0.0964808, 0.0]",0.9213237740076323,0.012000000000000122,0.01100000000000012,0.05656031143487454,24.69613343420835,"[-0.0272511, 0.0, 0.338484]","[0.0265208, 0.0, 0.356024]","[-0.00120682, 0.0, 0.346646]","[-0.002281175409331132, 0.0, -0.0027389723007476235]",0.17853443000000058,0.16068094589295198,16.2304027272726,14.60735871754093,27.0552,24.349669437422044,0.00795966,0.008000000000000007,0.0030000000000001137,1.0,1.0000002506041457,11.278120998434124,0.7085986235057123,172.18176084251695,4.532062408141371,0.9736786150521103,1.7019999999999982,1.7334278891782018,3.50592975208445,-0.0018203301649926233,1.3298547227133057,0.31700000000000017,14.248806451612904,0.441713,6.203927585371457,True,True
sym_mu_0p9_w200,friction_speed_matrix,0.9,REUSED_BOUNDED_SENSITIVITY_ASSUMPTION,200.0,199.56158,19.956158000000002,1905.672714493723,0.001,"[0.0421903, 0.0, 0.361194]","[7.81719, 0.0, 2.62654]",8.24664609812377,18.572112470201134,"[0.0, -0.0756542, 0.0]",0.7224443937397722,0.012000000000000122,0.01100000000000012,0.05656492780866957,24.696055476651207,"[-0.0272511, 0.0, 0.338484]","[0.0265559, 0.0, 0.355931]","[-0.00119727, 0.0, 0.346621]","[-0.002280751848385767, 0.0, -0.0027657309086360285]",0.17853235000000045,0.16067909286327273,16.230213636363498,14.60719026029736,27.0553,24.34976201044388,0.00795968,0.008000000000000007,0.0030000000000001137,1.0,1.000000276391466,15.272197254466182,0.7671551984545727,268.8638441900499,5.440985601290436,0.9797630446827785,2.5919999999999845,1.73370855408109,4.789430629278327,-0.002004355769337972,1.0215292943661782,0.31800000000000006,16.914322580645162,0.524344,7.717705671362655,True,True
sym_mu_0p9_w240,friction_speed_matrix,0.9,REUSED_BOUNDED_SENSITIVITY_ASSUMPTION,240.0,239.56,23.956000000000003,2287.629490025667,0.001,"[0.0422213, 0.0, 0.361111]","[7.82193, 0.0, 2.61382]",8.247099121345638,18.477855383438733,"[0.0, -0.062053, 0.0]",0.5925625010208828,0.012000000000000122,0.01100000000000012,0.05656792622997595,24.696065963802265,"[-0.0272511, 0.0, 0.338484]","[0.0265775, 0.0, 0.355874]","[-0.00119137, 0.0, 0.346605]","[-0.0022806799842163463, 0.0, -0.0027827839094142397]",0.17853104999999778,0.16067808613483037,16.230095454545076,14.607098739529873,27.0553,24.349810883876877,0.00795968,0.008000000000000007,0.0030000000000001137,1.0,1.0000004642123663,19.27188822242561,0.8061603408974479,387.44239902526715,6.5320367772493455,0.983140624790465,3.650000000000091,1.733878026885702,6.074729785244059,-0.0015103589007400486,0.8503088996493597,0.3179999999999996,19.496000000000002,0.604376,9.233045814909879,True,True
sym_mu_0p9_w280,friction_speed_matrix,0.9,REUSED_BOUNDED_SENSITIVITY_ASSUMPTION,280.0,279.9224874371859,27.99224874371859,2673.0628534924267,0.001,"[0.0422424, 0.0, 0.361055]","[7.82515, 0.0, 2.60517]",8.247416762320187,18.413770979398635,"[0.0, -0.0525191, 0.0]",0.5015204623042536,0.011999999999999234,0.010999999999999233,0.05656984521138449,24.695809481227986,"[-0.0272511, 0.0, 0.338484]","[0.0265921, 0.0, 0.355835]","[-0.00118736, 0.0, 0.346594]","[-0.0022806740383835714, 0.0, -0.0027944920290176047]",0.17853054999999216,0.16067738287064362,16.230050000000418,14.607034806423167,27.0553,24.349751775623997,0.00795968,0.007999999999999119,0.0030000000000001137,1.0,0.9999998412074688,23.286152777983315,0.8340578764997999,528.998101921206,8.610470958739143,0.9837230588777771,4.6740000000002055,1.7339981141769187,7.364665387957694,0.00026364136589675685,0.8136136035505148,0.34999999999999964,20.0,0.62,10.68023279071269,True,True
sym_mu_0p9_w300,friction_speed_matrix,0.9,REUSED_BOUNDED_SENSITIVITY_ASSUMPTION,300.0,299.94001005025126,29.994001005025126,2864.216113831815,0.001,"[0.0422505, 0.0, 0.361033]","[7.82638, 0.0, 2.60182]",8.24752636957288,18.388990873124495,"[0.0, -0.0487729, 0.0]",0.46574688743560216,0.011999999999999234,0.010999999999999233,0.05657057678192791,24.695842150019818,"[-0.0272511, 0.0, 0.338484]","[0.0265977, 0.0, 0.35582]","[-0.0011858, 0.0, 0.34659]","[-0.00228057619846845, 0.0, -0.0027987843509243403]",0.17853027000000202,0.16067727201734425,16.230024545455862,14.607024728850496,27.0553,24.349768377594565,0.00795968,0.007999999999999119,0.0030000000000001137,1.0,1.0000000179575366,25.28625615264855,0.845160152858388,607.3616129168471,9.439809912864007,0.9844576777456688,5.139999999999873,1.7340380323843667,8.007368407728846,0.00031417810443436873,0.7728245557712997,0.6070000000000011,20.0,0.62,11.388207829006722,True,True
mu_1p2_w080,friction_speed_matrix,1.2,DIAGNOSTIC_ONLY_NOT_PHYSICAL_CALIBRATION,80.0,79.99680599999999,7.9996806,763.9132263878033,0.001,"[0.0394635, 0.0, 0.36185]","[7.52829, 0.0, 2.73029]",8.008098014397676,19.934223266802665,"[0.0, -0.777559, 0.0]",7.425141503735463,0.010999999999999788,0.009999999999999787,0.054669830076651965,23.906103739664992,"[-0.0272511, 0.0, 0.338484]","[0.024407, 0.0, 0.356379]","[0.00149244, 0.0, 0.347938]","[0.0006971893194282085, 0.0, -0.00244809072676546]",0.160180189999998,0.1921213881928174,16.01801900000014,19.21213881928215,27.0864,32.503657084686886,0.00799624,0.007000000000000117,0.0029999999999996696,1.0,0.9996584913702216,3.161857444888315,0.39654270010126624,43.203987448050626,2.33103863844169,0.9460457523453227,0.4538000000000011,1.6216454294580605,0.992475865708116,-0.002906687431245401,3.183384596630017,0.3030000000000004,9.273838709677419,0.287489,3.1909879555581724,True,True
mu_1p2_w120,friction_speed_matrix,1.2,DIAGNOSTIC_ONLY_NOT_PHYSICAL_CALIBRATION,120.0,119.918365,11.9918365,1145.136033434888,0.001,"[0.0433252, 0.0, 0.362388]","[8.84571, 0.0, 3.10833]",9.375942661567422,19.361172571005298,"[0.0, -0.170893, 0.0]",1.631907941388196,0.010999999999999788,0.009999999999999787,0.05577686955190296,24.37059476689958,"[-0.0272511, 0.0, 0.338435]","[0.0256338, 0.0, 0.356162]","[0.00153766, 0.0, 0.347715]","[0.0006634117277785132, 0.0, -0.002673108332081931]",0.16010467999999797,0.19212562794837987,16.010468000000138,19.212562794838398,27.0902,32.50823927593066,0.00799658,0.007000000000000117,0.0029999999999996696,1.0,0.9999999781672366,6.995910472301495,0.5865385455480996,97.08450788248689,4.365867053680361,0.9550302396447753,0.9545999999999992,2.5718707244668044,2.4749448317776124,-0.00410954097203494,2.2693479851897513,0.3360000000000003,12.307709677419355,0.381539,4.721245245696718,True,True
mu_1p2_w160,friction_speed_matrix,1.2,DIAGNOSTIC_ONLY_NOT_PHYSICAL_CALIBRATION,160.0,159.69977500000002,15.969977500000002,1525.0205161148097,0.001,"[0.043467, 0.0, 0.362166]","[8.86416, 0.0, 3.05956]",9.377325839449114,19.042663934218268,"[0.0, -0.129079, 0.0]",1.2326136539615256,0.011000000000000232,0.010000000000000231,0.05582138222079421,24.386962503626822,"[-0.0272511, 0.0, 0.338484]","[0.0257387, 0.0, 0.356037]","[0.00158371, 0.0, 0.347707]","[0.0007039484118190961, 0.0, -0.0026963759006483727]",0.16014174000000153,0.19217008144934405,16.014173999999784,19.217008144933963,27.0855,32.502616768987096,0.00799616,0.007000000000000117,0.0030000000000001137,1.0,0.999999890069863,10.9829418957621,0.6903492818177152,172.18176084251695,5.543341880284146,0.967805289868337,1.6240000000000236,2.312146242079669,4.008753966569395,-0.0020763606638478033,1.6203999035064525,0.33899999999999997,15.023677419354838,0.465734,6.234147553113393,True,True
mu_1p2_w200,friction_speed_matrix,1.2,DIAGNOSTIC_ONLY_NOT_PHYSICAL_CALIBRATION,200.0,199.56158,19.956158000000002,1905.672714493723,0.001,"[0.0435227, 0.0, 0.362018]","[8.87347, 0.0, 3.03476]",9.378072195206219,18.880880235436113,"[0.0, -0.101554, 0.0]",0.9697692654452604,0.010999999999999788,0.009999999999999787,0.0558258824257172,24.387038166957257,"[-0.0272511, 0.0, 0.338484]","[0.0257758, 0.0, 0.355939]","[0.00159686, 0.0, 0.347673]","[0.0007046766849093658, 0.0, -0.002732823014639806]",0.160139949999998,0.19216803496692833,16.013995000000143,19.21680349669324,27.0855,32.502634682362,0.00799616,0.007000000000000117,0.0029999999999996696,1.0,1.0000006590320683,14.977014269442881,0.7526370145823236,268.8638441900499,6.711675824237545,0.9750368970418599,2.4600000000000364,2.312467933004927,5.543775549114315,-0.0021257084261904324,1.2545400773034567,0.3420000000000001,17.689870967741935,0.548386,7.747952058459429,True,True
mu_1p2_w240,friction_speed_matrix,1.2,DIAGNOSTIC_ONLY_NOT_PHYSICAL_CALIBRATION,240.0,239.56,23.956000000000003,2287.629490025667,0.001,"[0.0435568, 0.0, 0.361928]","[8.87913, 0.0, 3.01958]",9.378529358769423,18.781942097828498,"[0.0, -0.0833811, 0.0]",0.7962308535263781,0.010999999999999788,0.009999999999999787,0.055828720970124326,24.386860631855427,"[-0.0272511, 0.0, 0.338484]","[0.0257985, 0.0, 0.355879]","[0.00160498, 0.0, 0.347651]","[0.0007047825458369748, 0.0, -0.002756273455860921]",0.1601393599999932,0.19216717549321516,16.013935999999664,19.216717549321924,27.0855,32.502545097898555,0.00799614,0.006999999999999673,0.0030000000000001137,1.0,0.9999998956350038,18.97671853449983,0.7941096563972179,387.44239902526715,8.069953665889898,0.9791712169700776,3.4440000000000737,2.3126653764556955,7.0809928512914375,-0.0015639873377963252,1.0444147603940597,0.3410000000000002,20.0,0.62,9.252701814909878,True,True
mu_1p2_w280,friction_speed_matrix,1.2,DIAGNOSTIC_ONLY_NOT_PHYSICAL_CALIBRATION,280.0,279.9224874371859,27.99224874371859,2673.0628534924267,0.001,"[0.0435798, 0.0, 0.361866]","[8.88294, 0.0, 3.00929]",9.378829849597443,18.714933327249057,"[0.0, -0.070598, 0.0]",0.6741612403440976,0.010999999999999788,0.009999999999999787,0.05583028599246112,24.386834427497124,"[-0.0272511, 0.0, 0.338484]","[0.0258139, 0.0, 0.355837]","[0.0016105, 0.0, 0.347636]","[0.0007048393469538325, 0.0, -0.002772256796363856]",0.1601386599999914,0.19216641084817548,16.01386599999948,19.216641084817958,27.0854,32.50251770076012,0.00799614,0.006999999999999673,0.0030000000000001137,1.0,0.9999999051601477,22.99100304413856,0.8237630383018828,528.998101921206,10.441979610417434,0.9802608372837361,4.346000000000004,2.31279355023207,8.623720561858635,0.0002301200898313306,0.9815172272654326,0.40000000000000036,20.0,0.62,10.68023279071269,True,True
mu_1p2_w300,friction_speed_matrix,1.2,DIAGNOSTIC_ONLY_NOT_PHYSICAL_CALIBRATION,300.0,299.94001005025126,29.994001005025126,2864.216113831815,0.001,"[0.0435887, 0.0, 0.361842]","[8.88441, 0.0, 3.00532]",9.378949266868865,18.68908162332553,"[0.0, -0.0655701, 0.0]",0.6261483320417933,0.010999999999999788,0.009999999999999787,0.05583132888441758,24.386781512973176,"[-0.0272511, 0.0, 0.338484]","[0.0258199, 0.0, 0.355822]","[0.00161264, 0.0, 0.347631]","[0.0007051401884456938, 0.0, -0.0027776871825744807]",0.16013846000000873,0.1921663731106573,16.013846000001212,19.21663731106614,27.0854,32.50253040543742,0.00799614,0.006999999999999673,0.0030000000000001137,1.0,1.000001102724358,24.99109557685957,0.8355618851703803,607.3616129168471,11.395116797996252,0.9812383322296723,4.7800000000002,2.312844854298869,9.392367235484292,0.0003053318904349066,0.9288557567843323,0.7360000000000007,20.0,0.62,11.388207829006722,True,True
mu_1p5_w080,friction_speed_matrix,1.5,DIAGNOSTIC_ONLY_NOT_PHYSICAL_CALIBRATION,80.0,79.99680599999999,7.9996806,763.9132263878033,0.001,"[0.0423669, 0.0, 0.363074]","[7.33558, 0.0, 2.63348]",7.793968876432597,19.74818492366697,"[0.0, -1.33721, 0.0]",12.769414887114802,0.010999999999999788,0.009999999999999787,0.058242530985612224,25.42862212239081,"[-0.0272511, 0.0, 0.338484]","[0.0276958, 0.0, 0.357798]","[0.00437613, 0.0, 0.349119]","[0.003810897322329935, 0.0, -0.0023245938087241113]",0.15269496999999918,0.2282968266236536,15.269497000000243,22.829682662365848,26.7812,40.1718005730251,0.00788746,0.007000000000000117,0.0029999999999996696,1.0,0.9981056471580619,2.8900056967865755,0.36122844624016276,43.203987448050626,2.216337859426538,0.9487006179211697,0.46280000000000143,1.5242392632725177,1.0464302525115814,-0.004304162717856089,3.4036433904623538,0.29600000000000026,9.558032258064516,0.296299,3.2020715039452696,True,True
mu_1p5_w120,friction_speed_matrix,1.5,DIAGNOSTIC_ONLY_NOT_PHYSICAL_CALIBRATION,120.0,119.918365,11.9918365,1145.136033434888,0.001,"[0.0420474, 0.0, 0.362238]","[9.79978, 0.0, 3.49308]",10.403715487017127,19.61834166608986,"[0.0, -0.201497, 0.0]",1.9241546140912584,0.009999999999999898,0.008999999999999897,0.05246385336791419,22.9550469982233,"[-0.0272511, 0.0, 0.338435]","[0.0224478, 0.0, 0.355242]","[0.00443627, 0.0, 0.34884]","[0.003771986816556128, 0.0, -0.0026073371413430128]",0.14406151000000011,0.2160922201496034,16.00683444444464,24.01024668328954,26.7725,40.158702329686896,0.00788972,0.007000000000000117,0.0019999999999997797,1.0,0.9999998569485138,6.900298517642209,0.5784902778061838,97.08450788248689,5.0592179980872345,0.9478885137450456,0.902799999999985,3.161326563523518,2.6481902093105716,-0.004759196628363821,2.5695522116232916,0.3540000000000001,13.021451612903226,0.403665,4.749081181180589,True,True
mu_1p5_w160,friction_speed_matrix,1.5,DIAGNOSTIC_ONLY_NOT_PHYSICAL_CALIBRATION,160.0,159.69977500000002,15.969977500000002,1525.0205161148097,0.001,"[0.0422007, 0.0, 0.362005]","[9.82247, 0.0, 3.43518]",10.405833870156682,19.27609487728359,"[0.0, -0.1582, 0.0]",1.5106987198282706,0.010000000000000342,0.009000000000000341,0.05251323839985495,22.97379335514331,"[-0.0272511, 0.0, 0.338484]","[0.0225557, 0.0, 0.355125]","[0.00449617, 0.0, 0.348816]","[0.003820065921101399, 0.0, -0.0026503767708270527]",0.14413222000000153,0.21619813423127227,16.014691111110675,24.022014914584897,26.7826,40.17391964002144,0.0078869,0.007000000000000117,0.002000000000000224,1.0,0.9999994390563343,10.886561791339293,0.6843319308485211,172.18176084251695,6.475417042628209,0.9623919687489383,1.52800000000002,2.902121926203211,4.37389406835016,-0.002172928930803751,1.8470752385217928,0.35799999999999965,15.738967741935484,0.487908,6.262043875694038,True,True
mu_1p5_w200,friction_speed_matrix,1.5,DIAGNOSTIC_ONLY_NOT_PHYSICAL_CALIBRATION,200.0,199.56158,19.956158000000002,1905.672714493723,0.001,"[0.042258, 0.0, 0.361853]","[9.83324, 0.0, 3.4065]",10.40657730224496,19.10746761821627,"[0.0, -0.125035, 0.0]",1.1939962985697081,0.009999999999999898,0.008999999999999897,0.052517186622666676,22.97397316559041,"[-0.0272511, 0.0, 0.338484]","[0.0225915, 0.0, 0.35503]","[0.00451314, 0.0, 0.348771]","[0.0038206215984264748, 0.0, -0.0026984670205946713]",0.14413104000000013,0.2161967824765861,16.0145600000002,24.021864719620954,26.7827,40.17401241128896,0.00788686,0.007000000000000117,0.0019999999999997797,1.0,1.0000013453535816,14.88062090264112,0.7478559011196417,268.8638441900499,7.881077018592748,0.970687479224533,2.3079999999999927,2.9024840374473984,6.100889329829448,-0.0020154797663461945,1.4359377190739793,0.3600000000000003,18.405870967741937,0.570582,7.775876058459429,True,True
mu_1p5_w240,friction_speed_matrix,1.5,DIAGNOSTIC_ONLY_NOT_PHYSICAL_CALIBRATION,240.0,239.56,23.956000000000003,2287.629490025667,0.001,"[0.0422929, 0.0, 0.36176]","[9.83974, 0.0, 3.38907]",10.40703025519288,19.005079621207667,"[0.0, -0.102799, 0.0]",0.9816581396942249,0.009999999999999454,0.008999999999999453,0.05251973442668956,22.973808895155134,"[-0.0272511, 0.0, 0.338484]","[0.0226134, 0.0, 0.354972]","[0.0045236, 0.0, 0.348743]","[0.003820874219226786, 0.0, -0.0027283559446758376]",0.144130649999991,0.2161958876683066,16.01451666666664,24.021765296479973,26.7828,40.17416425783615,0.00788684,0.006999999999999673,0.0019999999999997797,1.0,0.9999993479426147,18.880322941693855,0.7901446522818831,387.44239902526715,9.499341296144792,0.9754819262939644,3.1900000000000546,2.902704469547475,7.830301841159167,-0.001395083814980165,1.1959425613625017,0.36300000000000043,20.0,0.62,9.252701814909878,True,True
mu_1p5_w280,friction_speed_matrix,1.5,DIAGNOSTIC_ONLY_NOT_PHYSICAL_CALIBRATION,280.0,279.9224874371859,27.99224874371859,2673.0628534924267,0.001,"[0.0423164, 0.0, 0.361697]","[9.84411, 0.0, 3.3773]",10.407336690147966,18.93597943563361,"[0.0, -0.0870866, 0.0]",0.8316157720239993,0.009999999999998566,0.008999999999998565,0.05252155909233845,22.97392485921951,"[-0.0272511, 0.0, 0.338484]","[0.0226282, 0.0, 0.354933]","[0.00453071, 0.0, 0.348724]","[0.0038210570510373706, 0.0, -0.002748641867689859]",0.1441303599999784,0.21619554244123565,16.014484444444598,24.021726937918903,26.7828,40.174175592034246,0.00788684,0.006999999999999673,0.0019999999999988916,1.0,0.9999998414618153,22.89470448728644,0.8203785228974132,528.998101921206,12.10588395210209,0.977115449170543,4.012000000000171,2.9028535667700353,9.565978253634535,0.00043927830607134755,1.1104814999485972,0.4460000000000015,20.0,0.62,10.68023279071269,True,True
mu_1p5_w300,friction_speed_matrix,1.5,DIAGNOSTIC_ONLY_NOT_PHYSICAL_CALIBRATION,300.0,299.94001005025126,29.994001005025126,2864.216113831815,0.001,"[0.0423255, 0.0, 0.361673]","[9.8458, 0.0, 3.37276]",10.40746307500536,18.909318965205028,"[0.0, -0.0808979, 0.0]",0.7725180402452303,0.010000000000000342,0.009000000000000341,0.05252196411026533,22.97392223515627,"[-0.0272511, 0.0, 0.338484]","[0.0226339, 0.0, 0.354917]","[0.00453345, 0.0, 0.348717]","[0.0038212376678150506, 0.0, -0.0027561568512280534]",0.14413036000001125,0.2161954086251151,16.01448444444509,24.021712069456324,26.7828,40.174155291425855,0.00788684,0.006999999999999673,0.002000000000000668,1.0,0.9999996390405453,24.894898418217245,0.8324078724586055,607.3616129168471,13.166976360254921,0.9783210264194658,4.400000000000091,2.902916192871677,10.430753336771966,0.0005075796344513508,1.0482129575592558,0.8499999999999996,20.0,0.62,11.388207829006722,True,True
mu_2p0_w080,friction_speed_matrix,2.0,DIAGNOSTIC_ONLY_NOT_PHYSICAL_CALIBRATION,80.0,79.99680599999999,7.9996806,763.9132263878033,0.001,"[0.0453412, 0.0, 0.364219]","[7.48858, 0.0, 2.81365]",7.99971604114171,20.59247666331351,"[0.0, 0.835454, 0.0]",7.97799802955378,0.010999999999999788,0.009999999999999787,0.06101990947231895,26.597518196121197,"[-0.0272511, 0.0, 0.338484]","[0.030364, 0.0, 0.358582]","[0.000353334, 0.0, 0.347812]","[-0.00041631472112378394, 0.0, -0.002176894799601369]",0.14799143999999995,0.253420958609362,14.799144000000311,25.342095860936737,27.1703,49.906456733894665,0.00799866,0.007000000000000117,0.0029999999999996696,0.7999999999999734,0.8737267053702205,2.545373590251247,0.31877161889380135,43.203987448050626,2.292682757181616,0.9469335380226562,0.4719999999999942,1.6191028001843109,1.1137985039900413,-0.006031775151974776,3.197010140629852,0.30100000000000016,9.291451612903225,0.288035,3.191674858783979,True,True
mu_2p0_w120,friction_speed_matrix,2.0,DIAGNOSTIC_ONLY_NOT_PHYSICAL_CALIBRATION,120.0,119.918365,11.9918365,1145.136033434888,0.001,"[0.0535283, 0.0, 0.366764]","[11.1589, 0.0, 4.03759]",11.866894379663956,19.89148582959897,"[0.0, -0.202216, 0.0]",1.9310205583362425,0.009999999999999898,0.008999999999999897,0.0618674244700715,26.949016329361058,"[-0.0272511, 0.0, 0.338435]","[0.0312105, 0.0, 0.358679]","[0.000399892, 0.0, 0.347563]","[-0.0004577275277733249, 0.0, -0.002426802036010016]",0.1338582300000015,0.26771648414290733,14.873136666667003,29.746276015878934,27.1719,54.34366935568691,0.00799838,0.007000000000000117,0.0019999999999997797,1.0,0.9999996625556319,6.032258380064583,0.5058219296501447,97.08450788248689,5.993231419072572,0.9382678910385279,0.9591999999999814,4.108889850250554,2.8350559768769776,-0.006181823838029706,3.185804776441036,0.3770000000000002,14.035903225806452,0.435113,4.788644794083814,True,True
mu_2p0_w160,friction_speed_matrix,2.0,DIAGNOSTIC_ONLY_NOT_PHYSICAL_CALIBRATION,160.0,159.69977500000002,15.969977500000002,1525.0205161148097,0.001,"[0.053738, 0.0, 0.366407]","[11.1904, 0.0, 3.95754]",11.869590347252933,19.476391243406916,"[0.0, -0.20562, 0.0]",1.9635263639133311,0.010000000000000342,0.009000000000000341,0.06192609394463695,26.970358933840398,"[-0.0272511, 0.0, 0.338484]","[0.0313571, 0.0, 0.358482]","[0.000456698, 0.0, 0.347551]","[-0.00040845159047687263, 0.0, -0.0024575071437212166]",0.1338611099999988,0.2677219950770041,14.873456666665971,29.74688834188822,27.1701,54.340066508861774,0.0079987,0.007000000000000117,0.002000000000000224,1.0,0.9999995743341533,10.017349115834751,0.6303611189193984,172.18176084251695,7.731679330029067,0.9550958284303951,1.6040000000000418,3.8501924841047694,4.971643965514641,-0.0033661156975373268,2.3091923579729627,0.379,16.754967741935484,0.519404,6.301667875694038,True,True
mu_2p0_w200,friction_speed_matrix,2.0,DIAGNOSTIC_ONLY_NOT_PHYSICAL_CALIBRATION,200.0,199.56158,19.956158000000002,1905.672714493723,0.001,"[0.0538125, 0.0, 0.36621]","[11.2034, 0.0, 3.92303]",11.870397463476106,19.29842888246286,"[0.0, -0.163874, 0.0]",1.5648814286544754,0.009999999999999898,0.008999999999999897,0.06193081103045559,26.970248394999025,"[-0.0272511, 0.0, 0.338484]","[0.0314056, 0.0, 0.358354]","[0.000471343, 0.0, 0.347512]","[-0.00040802857763516795, 0.0, -0.0024991640409308814]",0.13385881000000152,0.26771747383802524,14.87320111111145,29.746385982003144,27.17,54.340050055366355,0.00799872,0.007000000000000117,0.0019999999999997797,1.0,0.9999994125867777,14.011403020770256,0.7049730079860927,268.8638441900499,9.458268826554047,0.9648213434757396,2.4039999999999964,3.850635851498698,7.110174501884939,-0.0030351707029463624,1.8057483810260442,0.3810000000000002,19.42258064516129,0.6021,7.815527735878783,True,True
mu_2p0_w240,friction_speed_matrix,2.0,DIAGNOSTIC_ONLY_NOT_PHYSICAL_CALIBRATION,240.0,239.56,23.956000000000003,2287.629490025667,0.001,"[0.0538573, 0.0, 0.36609]","[11.2111, 0.0, 3.90235]",11.870850800700849,19.191940867423774,"[0.0, -0.134979, 0.0]",1.2889545038160564,0.009999999999999454,0.008999999999999453,0.06193368709523113,26.97022951205425,"[-0.0272511, 0.0, 0.338484]","[0.031435, 0.0, 0.358276]","[0.000480367, 0.0, 0.347488]","[-0.0004077572748650013, 0.0, -0.0025248030536030846]",0.13385768999999537,0.2677154546010744,14.873076666667055,29.746161622343404,27.17,54.34003979194347,0.00799872,0.006999999999999673,0.0019999999999997797,1.0,1.0000003288208121,18.01108836403936,0.7545787137794064,387.44239902526715,11.458352631690786,0.9704256615679702,3.230000000000018,3.8508795826462823,9.251689056485892,-0.0023205984534820346,1.5081816663883785,0.39000000000000057,20.0,0.62,9.252701814909878,True,True
mu_2p0_w280,friction_speed_matrix,2.0,DIAGNOSTIC_ONLY_NOT_PHYSICAL_CALIBRATION,280.0,279.9224874371859,27.99224874371859,2673.0628534924267,0.001,"[0.0538874, 0.0, 0.366009]","[11.2163, 0.0, 3.88846]",11.871204945648946,19.12037691915808,"[0.0, -0.114416, 0.0]",1.0925923181281378,0.009999999999998566,0.008999999999998565,0.061935632369420436,26.970062687866452,"[-0.0272511, 0.0, 0.338484]","[0.0314549, 0.0, 0.358223]","[0.000486498, 0.0, 0.347472]","[-0.000407468341700179, 0.0, -0.002541935061034404]",0.1338570299999869,0.2677142853860117,14.873003333334248,29.746031709561603,27.17,54.34003818281478,0.00799872,0.006999999999999673,0.0019999999999988916,1.0,1.0000008527166075,22.02522940144577,0.7900098668646465,528.998101921206,14.438313412561342,0.9727063039354498,4.020000000000209,3.8510772700187585,11.4008961168458,-0.0003716878227368761,1.381270748408006,0.5090000000000003,20.0,0.62,10.68023279071269,True,True
mu_2p0_w300,friction_speed_matrix,2.0,DIAGNOSTIC_ONLY_NOT_PHYSICAL_CALIBRATION,300.0,299.94001005025126,29.994001005025126,2864.216113831815,0.001,"[0.053899, 0.0, 0.365978]","[11.2183, 0.0, 3.88312]",11.871346841213931,19.09286400325942,"[0.0, -0.106301, 0.0]",1.015099776336694,0.010000000000000342,0.009000000000000341,0.06193614735322177,26.969926944345012,"[-0.0272511, 0.0, 0.338484]","[0.0314625, 0.0, 0.358202]","[0.000488867, 0.0, 0.347466]","[-0.0004072943307414932, 0.0, -0.0025483834624786634]",0.1338568800000024,0.2677138519508833,14.87298666666637,29.74598355009702,27.17,54.340076293758145,0.00799872,0.006999999999999673,0.002000000000000668,1.0,1.0000002201726377,24.025267773069398,0.804099523416791,607.3616129168471,15.679923571306972,0.974183545291899,4.400000000000091,3.8511573118297493,12.471675721908026,-0.00025250017456410683,1.3019303592064955,1.0060000000000002,20.0,0.62,11.388207829006722,True,True
mu_2p5_w080,friction_speed_matrix,2.5,DIAGNOSTIC_ONLY_NOT_PHYSICAL_CALIBRATION,80.0,79.99680599999999,7.9996806,763.9132263878033,0.001,"[0.041536, 0.0, 0.362989]","[7.52359, 0.0, 2.72708]",8.002585320663567,19.924090571249614,"[0.0, -1.2113, 0.0]",11.56706295403277,0.009999999999999898,0.008999999999999897,0.057013476766550546,24.90984749525678,"[-0.0272511, 0.0, 0.338484]","[0.0264888, 0.0, 0.357525]","[0.00371832, 0.0, 0.349211]","[0.0032242239726367116, 0.0, -0.0020131578171307674]",0.13712022000000093,0.3428005142461448,15.235580000000278,38.08894602734986,26.4649,66.16215970410957,0.00791942,0.005999999999999783,0.0030000000000001137,1.0,0.9999999923956272,2.784841599006417,0.3448387027714615,43.203987448050626,2.289108964708433,0.94701625706514,0.44199999999999307,1.6197514014673653,1.3954239497219265,-0.01265469764391324,3.60165129592798,0.30100000000000016,9.813548387096773,0.30422,3.2120366329775276,True,True
mu_2p5_w120,friction_speed_matrix,2.5,DIAGNOSTIC_ONLY_NOT_PHYSICAL_CALIBRATION,120.0,119.918365,11.9918365,1145.136033434888,0.001,"[0.0497189, 0.0, 0.366312]","[11.6269, 0.0, 4.44602]",12.447967603203344,20.926395954625995,"[0.0, 0.314398, 0.0]",3.002279747892343,0.009000000000000008,0.008000000000000007,0.056969026884878426,24.888970123165187,"[-0.0272511, 0.0, 0.338435]","[0.026465, 0.0, 0.35741]","[0.00378894, 0.0, 0.348878]","[0.0031766923577891746, 0.0, -0.0023502289223741074]",0.12101028000000269,0.2895242402492123,15.126285000000323,36.1905300311515,26.4809,66.20232548575994,0.00792178,0.005999999999999783,0.002000000000000224,0.8750000000000139,0.9590466197630689,5.99095309538567,0.5021231436957757,97.08450788248689,6.38334518138177,0.9342496004706713,0.89579999999998,4.51836689536744,2.9348739390327845,-0.007468487642851534,3.4468156733124222,0.3839999999999999,14.539903225806452,0.450737,4.808300794083815,True,True
mu_2p5_w160,friction_speed_matrix,2.5,DIAGNOSTIC_ONLY_NOT_PHYSICAL_CALIBRATION,160.0,159.69977500000002,15.969977500000002,1525.0205161148097,0.001,"[0.0519991, 0.0, 0.366058]","[12.4205, 0.0, 4.43774]",13.189479010089823,19.661380674450022,"[0.0, -0.246162, 0.0]",2.350673946083228,0.009000000000000008,0.008000000000000007,0.05752937409541321,25.122680068582095,"[-0.0272511, 0.0, 0.338484]","[0.027158, 0.0, 0.357173]","[0.00386344, 0.0, 0.348847]","[0.003236096833594628, 0.0, -0.002404839894296236]",0.12105202999999683,0.3026297735421302,15.13150374999959,37.828721692766244,26.4607,66.15180646829609,0.00791884,0.006000000000000227,0.0019999999999997797,1.0,0.9999990991244614,9.97447413780586,0.6275569074093276,172.18176084251695,8.926475047659267,0.9481566746443968,1.5060000000000286,4.809174762966905,5.350654072591989,-0.004168001804646871,2.639186561158275,0.39600000000000035,17.62883870967742,0.546494,6.335748843435974,True,True
mu_2p5_w200,friction_speed_matrix,2.5,DIAGNOSTIC_ONLY_NOT_PHYSICAL_CALIBRATION,200.0,199.56158,19.956158000000002,1905.672714493723,0.001,"[0.0520754, 0.0, 0.365856]","[12.4356, 0.0, 4.39742]",13.190202804217986,19.47438004475494,"[0.0, -0.198878, 0.0]",1.8991450063337976,0.009000000000000008,0.008000000000000007,0.05753390584768254,25.122773469394414,"[-0.0272511, 0.0, 0.338484]","[0.0272042, 0.0, 0.357052]","[0.00388255, 0.0, 0.348796]","[0.0032366113322682293, 0.0, -0.0024593002228952927]",0.12105067000000269,0.30262658994278924,15.131333750000323,37.828323742848625,26.4605,66.1511959488451,0.0079188,0.005999999999999783,0.002000000000000224,1.0,0.9999996109250299,13.968514614056588,0.7027627657132312,268.8638441900499,10.967347984474657,0.9592085428313587,2.2380000000000564,4.8096132134270695,7.7680353662342405,-0.0034581809023784857,2.070328366812883,0.39800000000000013,20.0,0.62,7.8380470907174935,True,True
mu_2p5_w240,friction_speed_matrix,2.5,DIAGNOSTIC_ONLY_NOT_PHYSICAL_CALIBRATION,240.0,239.56,23.956000000000003,2287.629490025667,0.001,"[0.0521208, 0.0, 0.365735]","[12.4445, 0.0, 4.37372]",13.190716693508355,19.36443683594114,"[0.0, -0.164234, 0.0]",1.5683191754252603,0.009000000000000008,0.008000000000000007,0.05753629571844194,25.122696511456272,"[-0.0272511, 0.0, 0.338484]","[0.0272319, 0.0, 0.356978]","[0.00389429, 0.0, 0.348765]","[0.003237040699193159, 0.0, -0.0024924460106223022]",0.12104998999999894,0.3026249993870418,15.131248749999854,37.82812492338019,26.4603,66.1508405387596,0.00791878,0.006000000000000227,0.0019999999999997797,1.0,1.000000300799717,17.968201126762743,0.7527553867308668,387.44239902526715,13.294673349692061,0.9656860648624441,2.9640000000000555,4.809937321463074,10.18882836802349,-0.0025681591474988343,1.7285857405242908,0.4169999999999998,20.0,0.62,9.252701814909878,True,True
mu_2p5_w280,friction_speed_matrix,2.5,DIAGNOSTIC_ONLY_NOT_PHYSICAL_CALIBRATION,280.0,279.9224874371859,27.99224874371859,2673.0628534924267,0.001,"[0.0521512, 0.0, 0.365653]","[12.4503, 0.0, 4.3579]",13.190953813125114,19.291255633974746,"[0.0, -0.139331, 0.0]",1.3305130425562124,0.00899999999999912,0.007999999999999119,0.05753795650603174,25.1225942939413,"[-0.0272511, 0.0, 0.338484]","[0.0272506, 0.0, 0.356928]","[0.00390225, 0.0, 0.348744]","[0.003237338229444778, 0.0, -0.0025149020359996723]",0.12104959999999632,0.30262407986230805,15.131200000001206,37.82800998279267,26.4603,66.15063125934702,0.00791876,0.006000000000000227,0.0019999999999988916,1.0,1.0000005352280865,21.982526151639085,0.7884609220653254,528.998101921206,16.56833044209668,0.9686797922678283,3.6840000000001965,4.810071966237988,12.618329595911378,-0.0005018900982344549,1.5681081850099252,0.5649999999999995,20.0,0.62,10.68023279071269,True,True
mu_2p5_w300,friction_speed_matrix,2.5,DIAGNOSTIC_ONLY_NOT_PHYSICAL_CALIBRATION,300.0,299.94001005025126,29.994001005025126,2864.216113831815,0.001,"[0.0521628, 0.0, 0.365622]","[12.4526, 0.0, 4.35183]",13.1911209193495,19.26307046063487,"[0.0, -0.129476, 0.0]",1.2364047247059746,0.00899999999999912,0.007999999999999119,0.0575385948945575,25.12264032355225,"[-0.0272511, 0.0, 0.338484]","[0.0272577, 0.0, 0.356909]","[0.00390533, 0.0, 0.348736]","[0.003237496321570191, 0.0, -0.0025234729990074103]",0.12104949999999631,0.3026237622251493,15.131187500001205,37.82797027814783,26.4602,66.15059653588621,0.00791876,0.006000000000000227,0.0019999999999988916,1.0,0.9999999288331032,23.982644107155988,0.8026588896850846,607.3616129168471,17.952183623531937,0.9704423472907404,4.039999999999964,4.810182139722084,13.82875420284513,-0.00032516288088119236,1.4752983603320937,1.141,20.0,0.62,11.388207829006722,True,True
mu_3p0_w080,friction_speed_matrix,3.0,DIAGNOSTIC_ONLY_NOT_PHYSICAL_CALIBRATION,80.0,79.99680599999999,7.9996806,763.9132263878033,0.001,"[0.0460354, 0.0, 0.364573]","[7.75989, 0.0, 2.81578]",8.254968795852593,19.943981079806502,"[0.0, -0.861956, 0.0]",8.231073487663066,0.010999999999999788,0.009999999999999787,0.061278731965013766,26.70863510879155,"[-0.0272511, 0.0, 0.338484]","[0.0305157, 0.0, 0.358931]","[0.0021089, 0.0, 0.348579]","[0.0014957071443096439, 0.0, -0.0020565894943962316]",0.15090827999999973,0.4527233999730226,15.090828000000295,45.27233999730322,26.9844,80.95310702501186,0.00798266,0.005999999999999783,0.0040000000000000036,1.0,0.9999917434179634,2.5227644338001025,0.31706317802786477,43.203987448050626,2.3968846953759595,0.9445216787395371,0.47400000000000375,1.7396275002598445,1.7578049687063293,-0.02101245537419935,3.002627379898125,0.3070000000000004,9.040645161290323,0.28026,3.181893407171076,True,False
mu_3p0_w120,friction_speed_matrix,3.0,DIAGNOSTIC_ONLY_NOT_PHYSICAL_CALIBRATION,120.0,119.918365,11.9918365,1145.136033434888,0.001,"[0.0438503, 0.0, 0.363676]","[11.9142, 0.0, 4.35735]",12.686002548576916,20.08885341282271,"[0.0, -0.718643, 0.0]",6.862535146103337,0.008000000000000118,0.007000000000000117,0.050074997058512156,21.930815359000054,"[-0.0272511, 0.0, 0.338435]","[0.0200218, 0.0, 0.354951]","[-0.00299413, 0.0, 0.346528]","[-0.004001055804300425, 0.0, -0.002238560007632966]",0.10547717000000348,0.31643132494431886,15.068167142857387,45.204474992044794,26.8147,80.44397685875805,0.00787592,0.005999999999999783,0.001000000000000334,1.0,0.9999990757514121,6.275097394384207,0.5259015338774744,97.08450788248689,6.553854428665332,0.9324933032920324,0.8199999999999932,4.69037751830367,3.055319661364551,-0.008922246318752627,3.809562446919619,0.387,15.242225806451614,0.472509,4.835691374728976,True,True
mu_3p0_w160,friction_speed_matrix,3.0,DIAGNOSTIC_ONLY_NOT_PHYSICAL_CALIBRATION,160.0,159.69977500000002,15.969977500000002,1525.0205161148097,0.001,"[0.047344, 0.0, 0.36459]","[13.5879, 0.0, 4.89593]",14.443031433009484,19.814873927741008,"[0.0, -0.262989, 0.0]",2.5113599597276677,0.008000000000000118,0.007000000000000117,0.05014431693980885,21.95866506592355,"[-0.0272511, 0.0, 0.338484]","[0.0201683, 0.0, 0.354789]","[-0.00293629, 0.0, 0.346524]","[-0.003948072063687472, 0.0, -0.0022621012232060702]",0.10556497999999899,0.31669501297938946,15.080711428571032,45.24214471134059,26.8279,80.48374476616753,0.00787918,0.006000000000000227,0.0009999999999998899,1.0,1.0000001647804466,10.258042162087195,0.6451501740439776,172.18176084251695,10.075071698833625,0.9414858365396285,1.3880000000000337,5.81286574424841,5.5819462325723155,-0.0047689211412102065,2.7813282767618217,0.41100000000000003,18.519741935483868,0.574112,6.370494069242425,True,True
mu_3p0_w200,friction_speed_matrix,3.0,DIAGNOSTIC_ONLY_NOT_PHYSICAL_CALIBRATION,200.0,199.56158,19.956158000000002,1905.672714493723,0.001,"[0.0474187, 0.0, 0.364392]","[13.6056, 0.0, 4.8487]",14.443761388571884,19.614812472973508,"[0.0, -0.221707, 0.0]",2.1171458980844906,0.008000000000000118,0.007000000000000117,0.05014769301732632,21.95894542020343,"[-0.0272511, 0.0, 0.338484]","[0.0202075, 0.0, 0.354685]","[-0.00292304, 0.0, 0.346489]","[-0.00394759184147846, 0.0, -0.002299522231832649]",0.10556462000000345,0.31669403982195976,15.080660000000242,45.24200568885064,26.828,80.48411337768715,0.00787922,0.005999999999999783,0.001000000000000334,1.0,1.000000552939566,14.252074797385013,0.7167374527833162,268.8638441900499,12.427290679061912,0.9537784981223525,2.032000000000039,5.813364275952187,8.11171340229013,-0.003224949972348714,2.1835766183049787,0.41500000000000004,20.0,0.62,7.8380470907174935,True,True
mu_3p0_w240,friction_speed_matrix,3.0,DIAGNOSTIC_ONLY_NOT_PHYSICAL_CALIBRATION,240.0,239.56,23.956000000000003,2287.629490025667,0.001,"[0.0474622, 0.0, 0.364276]","[13.6156, 0.0, 4.82194]",14.444226137927917,19.501507497115963,"[0.0, -0.184355, 0.0]",1.7604605720223818,0.007999999999999674,0.006999999999999673,0.05015004125461913,21.9589288787074,"[-0.0272511, 0.0, 0.338484]","[0.0202311, 0.0, 0.354623]","[-0.00291488, 0.0, 0.346467]","[-0.003947448392846, 0.0, -0.002322986353859445]",0.10556454999999529,0.31669370891295545,15.08065000000003,45.24195841613861,26.8281,80.48429473555696,0.00787924,0.006000000000000227,0.0009999999999994458,1.0,1.0000002299114195,18.251802252803845,0.7643441511122279,387.44239902526715,15.044052210495181,0.9611708675964654,2.6900000000000546,5.813687366755772,10.6450980530208,-0.0019483651987704715,1.8216730672900334,0.44200000000000017,20.0,0.62,9.252701814909878,True,True
mu_3p0_w280,friction_speed_matrix,3.0,DIAGNOSTIC_ONLY_NOT_PHYSICAL_CALIBRATION,280.0,279.9224874371859,27.99224874371859,2673.0628534924267,0.001,"[0.0474912, 0.0, 0.364198]","[13.6221, 0.0, 4.80423]",14.444453409627517,19.42668127067294,"[0.0, -0.156809, 0.0]",1.4974156482778211,0.007999999999999674,0.006999999999999673,0.05015127834472417,21.95902025940334,"[-0.0272511, 0.0, 0.338484]","[0.020247, 0.0, 0.35458]","[-0.00290933, 0.0, 0.346452]","[-0.003947363400950538, 0.0, -0.0023389799549667313]",0.10556446000000662,0.31669329136791224,15.080637142858793,45.24189876684672,26.8281,80.48443428373277,0.00787924,0.006000000000000227,0.0009999999999994458,1.0,0.9999994910841709,22.26626478214815,0.7983557459539941,528.998101921206,18.589982246232125,0.9648581305325721,3.344000000000051,5.813833235496221,13.187607450926734,0.0002842608137357339,1.6452724035682782,0.6180000000000003,20.0,0.62,10.68023279071269,True,True
mu_3p0_w300,friction_speed_matrix,3.0,DIAGNOSTIC_ONLY_NOT_PHYSICAL_CALIBRATION,300.0,299.94001005025126,29.994001005025126,2864.216113831815,0.001,"[0.0475023, 0.0, 0.364168]","[13.6246, 0.0, 4.79745]",14.444557856248144,19.398020598929655,"[0.0, -0.145827, 0.0]",1.3925452731757093,0.007999999999999674,0.006999999999999673,0.0501519233692986,21.95889999295838,"[-0.0272511, 0.0, 0.338484]","[0.0202531, 0.0, 0.354564]","[-0.00290719, 0.0, 0.346446]","[-0.003947404579602012, 0.0, -0.0023453500337981695]",0.10556436000000662,0.3166932845349885,15.080622857144506,45.24189779071476,26.8281,80.48446379775167,0.00787924,0.006000000000000227,0.0009999999999994458,1.0,1.0000003969566287,24.26653931771299,0.8118828108204228,607.3616129168471,20.100608986027282,0.9669050388458132,3.6599999999998545,5.813903616950631,14.454392014978579,0.0004851428453554735,1.5459791607909825,1.2639999999999993,20.0,0.62,11.388207829006722,True,True
mu_3p0_w130,adaptive_target_search,3.0,DIAGNOSTIC_ONLY_NOT_PHYSICAL_CALIBRATION,130.0,129.93192499999998,12.9931925,1240.7584877517247,0.001,"[0.0440056, 0.0, 0.3636]","[11.946, 0.0, 4.33007]",12.706550366047427,19.92407573602682,"[0.0, -0.594992, 0.0]",5.681755074007979,0.008000000000000118,0.007000000000000117,0.05013866494124071,21.957908552504964,"[-0.0272511, 0.0, 0.338484]","[0.0201136, 0.0, 0.35493]","[-0.0029533, 0.0, 0.346568]","[-0.0039490073488607155, 0.0, -0.002214936985253532]",0.10556550000000264,0.31669675708118894,15.08078571428584,45.24239386874052,26.8277,80.48311289392576,0.00787914,0.006000000000000227,0.0009999999999998899,1.0,1.0000007163888838,7.267937402628053,0.5623384870848815,113.97517872265337,7.1405118767282545,0.9373502901530522,0.9419999999999789,4.445111717198018,3.6880159523228224,-0.005564486418399276,3.52563467369546,0.387,15.886032258064516,0.492467,5.214957064552385,True,True
mu_3p0_w140,adaptive_target_search,3.0,DIAGNOSTIC_ONLY_NOT_PHYSICAL_CALIBRATION,140.0,139.86807000000002,13.986807000000002,1335.6416832733942,0.001,"[0.0472392, 0.0, 0.364841]","[13.5514, 0.0, 4.97974]",14.437390776300266,20.17689194060145,"[0.0, 0.0352799, 0.0]",0.33689822860726554,0.008000000000000118,0.007000000000000117,0.05014112307039004,21.958443633315646,"[-0.0272511, 0.0, 0.338484]","[0.0201363, 0.0, 0.354872]","[-0.00294657, 0.0, 0.34655]","[-0.003948839580102675, 0.0, -0.0022341532479922244]",0.10556533000000347,0.3166959267306292,15.080761428571671,45.24227524723198,26.8278,80.4834075383268,0.00787916,0.005999999999999783,0.001000000000000334,1.0,0.9999999903315705,8.265156707848409,0.593942647919676,132.07350420127614,8.98800021396778,0.9319469846104005,1.0919999999999845,5.808282750819711,4.319656361494778,-0.00549324543600039,3.248110880489041,0.4099999999999997,17.11909677419355,0.530692,5.6144658233542675,True,True
mu_3p0_w150,adaptive_target_search,3.0,DIAGNOSTIC_ONLY_NOT_PHYSICAL_CALIBRATION,150.0,149.872225,14.9872225,1431.1743264558438,0.001,"[0.0472598, 0.0, 0.364598]","[13.5808, 0.0, 4.91653]",14.443351269040713,19.901301905365035,"[0.0, -0.256627, 0.0]",2.4506073348506296,0.008000000000000118,0.007000000000000117,0.05008324322056231,21.932262575258168,"[-0.0272511, 0.0, 0.338435]","[0.0200982, 0.0, 0.354756]","[-0.00297359, 0.0, 0.346474]","[-0.004000223605609069, 0.0, -0.0022963285028993136]",0.10547637000000348,0.3164292984990708,15.068052857143103,45.204185499866504,26.8149,80.44491169559514,0.007876,0.005999999999999783,0.001000000000000334,1.0,0.9999996552405092,9.272689267760033,0.6218580624948866,151.64246873754328,9.652293433784678,0.936348349415951,1.2300000000000182,6.073488417708159,4.952347454177955,-0.006093295969377822,3.0307316782679203,0.4089999999999998,17.76609677419355,0.550749,5.993523427733711,True,True
mu_5p0_w300,ideal_traction_upper_bound,5.0,DIAGNOSTIC_ONLY_NOT_PHYSICAL_CALIBRATION,300.0,299.94001005025126,29.994001005025126,2864.216113831815,0.001,"[0.0575054, 0.0, 0.368158]","[17.3947, 0.0, 6.20865]",18.46951333718623,19.64288947234514,"[0.0, -0.217584, 0.0]",2.0777741482624172,0.007000000000000227,0.006000000000000227,0.05285981553127101,23.130894710782655,"[-0.0272511, 0.0, 0.338484]","[0.0227159, 0.0, 0.355731]","[0.00616688, 0.0, 0.349819]","[0.005733065983330261, 0.0, -0.002279281545834437]",0.0866792600000157,0.43339598506723676,14.446543333335404,72.23266417787005,25.5392,127.69609632791285,0.00774534,0.004999999999999005,0.0010000000000012221,1.0,0.9999995299698118,23.5199137026354,0.7874166603481926,607.3616129168471,26.977714131466996,0.955582121823757,3.2800000000002,9.658024548231749,18.55201091132162,-0.0012745172419546898,2.122761164535724,1.6310000000000002,20.0,0.62,11.388207829006722,True,True
mu_10p0_w300,ideal_traction_upper_bound,10.0,DIAGNOSTIC_ONLY_NOT_PHYSICAL_CALIBRATION,300.0,299.94001005025126,29.994001005025126,2864.216113831815,0.001,"[0.0566397, 0.0, 0.368347]","[24.6082, 0.0, 8.91032]",26.17168908844823,19.904685069971812,"[0.0, -0.374356, 0.0]",3.5748364725665747,0.0049999999999995595,0.0039999999999995595,0.036702863232859644,16.068169174002122,"[-0.0272511, 0.0, 0.338484]","[0.0074232, 0.0, 0.350517]","[0.0074232, 0.0, 0.350517]","[0.007152350676717342, 0.0, -0.0020530628429887465]",0.04421595999999846,0.4421603883250048,11.053990000000832,110.54009708126338,24.0689,240.6894249173611,0.00760376,0.0039999999999995595,0.0,1.0,1.0000010115764875,24.49886165348013,0.8193824814530486,607.3616129168471,40.04300695259349,0.9340705666920776,2.5399999999999636,19.629331147702004,19.8955859182463,0.0015544503178274017,2.168103564830097,2.2390000000000008,20.0,0.62,11.388207829006722,True,True
conv_mu_2p5_w300_dt_0p5ms,high_traction_timestep_convergence,2.5,DIAGNOSTIC_ONLY_NOT_PHYSICAL_CALIBRATION,300.0,299.9393525,29.99393525,2864.2098346894463,0.0005,"[0.0400076, 0.0, 0.361518]","[12.4545, 0.0, 4.36228]",13.196365296868679,19.303180405308144,"[0.0, -0.12689, 0.0]",1.211710243735836,0.00899999999999973,0.00849999999999973,0.05933272557105396,25.87995136805766,"[-0.0286606, 0.0, 0.338169]","[0.0275531, 0.0, 0.357153]","[-0.000462871, 0.0, 0.347363]","[-0.0013368635810255829, 0.0, -0.0023196582352511454]",0.12182398900000062,0.3045599707224209,14.332234000000527,35.830584790874184,27.1858,67.96437763258368,0.00798614,0.0065000000000008384,0.0019999999999988916,1.0,1.000000182655682,23.517420040940923,0.7874909335300688,607.3589499153799,17.95749976655111,0.9704334648084909,3.680000000000291,4.811569108227572,13.624031283278361,-0.00028678269863127275,1.4840841866523615,1.1405000000000012,20.0,0.62,11.388184572923874,True,True
conv_mu_2p5_w300_dt_0p25ms,high_traction_timestep_convergence,2.5,DIAGNOSTIC_ONLY_NOT_PHYSICAL_CALIBRATION,300.0,299.93915875,29.993915875,2864.2079845132325,0.00025,"[0.0369912, 0.0, 0.360514]","[12.4527, 0.0, 4.36404]",13.19524847858501,19.312976638015115,"[0.0, -0.126769, 0.0]",1.2105547788489888,0.009250000000000341,0.009000000000000341,0.0634769871614115,27.6238426185471,"[-0.0293654, 0.0, 0.337992]","[0.0307649, 0.0, 0.358331]","[-0.000368706, 0.0, 0.347444]","[-0.0012206737937798993, 0.0, -0.00227574945976375]",0.12217964169999843,0.3054492078579901,13.575515744443756,33.938800873108725,27.1916,67.97900952009054,0.00798846,0.006499999999999062,0.002500000000001279,1.0,1.0000002767525473,23.11717834726434,0.7744359645301843,607.3581652516966,17.95671510286786,0.9704347185397164,3.5799999999999272,4.809997251805668,13.509580242921851,-0.0002616254150091037,1.4900217659558808,1.1395,20.0,0.62,11.38817772041938,True,True
conv_mu_3p0_w140_dt_0p5ms,high_traction_timestep_convergence,3.0,DIAGNOSTIC_ONLY_NOT_PHYSICAL_CALIBRATION,140.0,139.866015,13.9866015,1335.6220594689107,0.0005,"[0.0397152, 0.0, 0.362129]","[12.7944, 0.0, 4.64243]",13.610614521942056,19.943231705418306,"[0.0, -0.399868, 0.0]",3.818458127056201,0.008500000000000008,0.008000000000000007,0.05884183249151917,25.678749741804634,"[-0.0286606, 0.0, 0.338169]","[0.0269208, 0.0, 0.357484]","[0.00233756, 0.0, 0.348571]","[0.0017078410978319416, 0.0, -0.002142313361335374]",0.11301438899999962,0.33903913015326514,14.126798624999939,42.37989126915811,26.9517,80.85501983381181,0.00797738,0.006000000000000227,0.0019999999999997797,1.0,0.999978473021352,7.218133772317836,0.5188123324153392,132.06962327180747,8.332393831777793,0.9369090815483799,1.0159999999999911,5.133957775931164,3.9597878547448095,-0.003228977569550804,3.3467851357601073,0.3995000000000002,16.79858064516129,0.520756,5.601893013564664,True,True
conv_mu_3p0_w140_dt_0p25ms,high_traction_timestep_convergence,3.0,DIAGNOSTIC_ONLY_NOT_PHYSICAL_CALIBRATION,140.0,139.8649675,13.98649675,1335.6120565807375,0.00025,"[0.036726, 0.0, 0.361101]","[12.9781, 0.0, 4.71761]",13.808943613546258,19.976481135758767,"[0.0, -0.345895, 0.0]",3.303053942446269,0.008750000000000174,0.008500000000000174,0.06311108132301331,27.4778258560707,"[-0.0293654, 0.0, 0.337992]","[0.030237, 0.0, 0.358742]","[-8.15794e-05, 0.0, 0.347756]","[-0.0008441527618109316, 0.0, -0.002080768442963127]",0.11372445500000111,0.34029139479825066,13.37934764705868,40.034281740969845,27.1976,81.5927055964346,0.00799448,0.006250000000000089,0.0022500000000000853,0.9411764705882691,0.9920222917792851,6.778337262611615,0.4872216991653561,132.06764505841045,8.489398053001565,0.9357193198285099,0.9819999999999993,5.290930981235514,3.7840837623456296,-0.002166115936396355,3.2931530906765625,0.4012500000000001,16.678387096774195,0.51703,5.597168417443592,True,True
conv_mu_3p0_w160_dt_0p5ms,high_traction_timestep_convergence,3.0,DIAGNOSTIC_ONLY_NOT_PHYSICAL_CALIBRATION,160.0,159.6957125,15.969571250000001,1524.981722097431,0.0005,"[0.0408749, 0.0, 0.362404]","[13.5405, 0.0, 4.88265]",14.39393661485627,19.829100515908465,"[0.0, -0.26822, 0.0]",2.56131233016649,0.008500000000000008,0.008000000000000007,0.059244092743496374,25.848127598415452,"[-0.0286606, 0.0, 0.338169]","[0.0273344, 0.0, 0.357519]","[0.00235214, 0.0, 0.348533]","[0.0017085450507966118, 0.0, -0.0021830083346149626]",0.11301261900000156,0.339037553875198,14.126577375000183,42.379694234399715,26.9518,80.85534471734135,0.00797738,0.005999999999999783,0.002000000000000224,1.0,0.9999990226631618,9.183869185530616,0.578045282632021,172.17300091149633,10.024463474275592,0.9417767976325826,1.3000000000000114,5.770273158800704,5.300937649826656,-0.003705711679694639,2.9635814424260256,0.41000000000000014,18.456064516129032,0.572138,6.3678669683417395,True,True
conv_mu_3p0_w160_dt_0p25ms,high_traction_timestep_convergence,3.0,DIAGNOSTIC_ONLY_NOT_PHYSICAL_CALIBRATION,160.0,159.69362375,15.969362375000001,1524.9617760041879,0.00025,"[0.0375975, 0.0, 0.361274]","[13.5354, 0.0, 4.88327]",14.389349500686263,19.83831141664596,"[0.0, -0.267981, 0.0]",2.5590300482825525,0.00874999999999973,0.00849999999999973,0.06370060991105186,27.723431381833894,"[-0.0293654, 0.0, 0.337992]","[0.0308298, 0.0, 0.358832]","[-6.89189e-05, 0.0, 0.347723]","[-0.0008435424481152206, 0.0, -0.0021161084454736413]",0.11351853500000034,0.3405555441875127,13.355121764706347,40.06535813970865,27.1976,81.59269968681684,0.00799448,0.006249999999999645,0.0022500000000000853,1.0,1.0000000384698922,8.713525563919882,0.548589635721336,172.1684970460118,10.017867052339739,0.9418135882915765,1.2559999999999718,5.765655512025691,5.127407008820143,-0.0029720496050766026,2.9648170282691058,0.4097500000000003,18.454,0.572074,6.367712577793289,True,True
conv_mu_10p0_w300_dt_0p5ms,high_traction_timestep_convergence,10.0,DIAGNOSTIC_ONLY_NOT_PHYSICAL_CALIBRATION,300.0,299.9393525,29.99393525,2864.2098346894463,0.0005,"[0.0450643, 0.0, 0.364293]","[24.2635, 0.0, 8.78804]",25.805950462860306,19.909969953514956,"[0.0, -0.343415, 0.0]",3.2793716869141942,0.005500000000000782,0.005000000000000782,0.052410759903764044,22.927478423171852,"[-0.0286606, 0.0, 0.338169]","[0.0208007, 0.0, 0.355503]","[-0.000662812, 0.0, 0.347749]","[-0.001392726887994431, 0.0, -0.0018885530341511095]",0.06396457900001125,0.6396458900186701,12.79291580000025,127.92917800371403,27.2787,272.7873723814174,0.00798496,0.0045000000000001705,0.0005000000000006111,1.0,0.9999999285736798,21.51547326948878,0.7211624248384947,607.3589499153799,39.43349505271078,0.9350738223941463,2.380000000000109,19.075436207267938,22.559650364389157,-0.003164289123774933,3.141419230742651,2.2125000000000004,20.0,0.62,11.388184572923874,True,True
conv_mu_10p0_w300_dt_0p25ms,high_traction_timestep_convergence,10.0,DIAGNOSTIC_ONLY_NOT_PHYSICAL_CALIBRATION,300.0,299.93915875,29.993915875,2864.2079845132325,0.00025,"[0.0393912, 0.0, 0.362289]","[24.2285, 0.0, 8.7775]",25.769453205297157,19.914436758514064,"[0.0, -0.345671, 0.0]",3.3009149000111133,0.0057499999999996165,0.005499999999999616,0.06003873855070574,26.186316984579765,"[-0.0293654, 0.0, 0.337992]","[0.027277, 0.0, 0.357899]","[-0.000256152, 0.0, 0.347944]","[-0.0009438975588771277, 0.0, -0.001844398884582673]",0.06691312299999408,0.6691303416095437,12.166022363636136,121.6600621108346,27.2653,272.6524544954747,0.0079931,0.0045000000000001705,0.0009999999999994458,1.0,0.9999994308330428,19.881899429574826,0.6668120716860393,607.3581652516966,39.370049450914735,0.9351782001076757,2.2799999999997453,19.01956228573312,21.543103745997605,-0.0016736153797724973,3.2870528780197183,2.2093000000000007,20.0,0.62,11.38817772041938,True,True
